{
  "@context": "https://schema.org",
  "@type": "WholesaleStore",
  "name": "Jaunpur Traders",
  "image": "https://images.unsplash.com/photo-1626202378370-9856e4311b0e?q=80&w=1200&auto=format&fit=crop",
  "description": "Premium Quality Wholesale & Retail Tobacco Supplier in Jaunpur. Trusted by local businesses for years.",
  "address": {
    "@type": "PostalAddress",
    "streetAddress": "Badi Masjid Road, Syed Ali Pur, Alamganj, Jamin Abdul Quadir",
    "addressLocality": "Jaunpur",
    "addressRegion": "Uttar Pradesh",
    "postalCode": "222001",
    "addressCountry": "IN"
  },
  "geo": {
    "@type": "GeoCoordinates",
    "latitude": 25.7489,
    "longitude": 82.6846
  },
  "openingHoursSpecification": {
    "@type": "OpeningHoursSpecification",
    "dayOfWeek": [
      "Monday",
      "Tuesday",
      "Wednesday",
      "Thursday",
      "Friday",
      "Saturday"
    ],
    "opens": "09:00",
    "closes": "20:00"
  },
  "telephone": "+919876543210",
  "priceRange": "₹₹",
  "aggregateRating": {
    "@type": "AggregateRating",
    "ratingValue": "5.0",
    "reviewCount": "4"
  }
}
